{"cameraMode":{"drawMode":0,"name":"Shaded","section":"Shading Mode"},"sceneLighting":false,"audioPlay":false,"sceneViewState":{"showFog":true,"showMaterialUpdate":false,"showSkybox":false,"showFlares":true,"showImageEffects":true,"showParticleSystems":true},"in2DMode":false,"pivot":{"x":-0.7103281617164612,"y":-0.5285531282424927,"z":2.416248321533203},"rotation":{"x":-0.00499133113771677,"y":0.9711254239082336,"z":-0.2376505732536316,"w":-0.020396631211042405},"size":2.7717819213867189,"orthographic":false}