{"cameraMode":{"drawMode":0,"name":"Shaded","section":"Shading Mode"},"sceneLighting":false,"audioPlay":false,"sceneViewState":{"showFog":true,"showMaterialUpdate":false,"showSkybox":false,"showFlares":true,"showImageEffects":true,"showParticleSystems":true},"in2DMode":false,"pivot":{"x":-0.5012549161911011,"y":-0.7432892918586731,"z":2.4873926639556886},"rotation":{"x":0.08539195358753205,"y":0.010462181642651558,"z":-0.0009003395098261535,"w":0.9963024854660034},"size":2.77306866645813,"orthographic":false}