{"cameraMode":{"drawMode":0,"name":"Shaded","section":"Shading Mode"},"sceneLighting":true,"audioPlay":false,"sceneViewState":{"showFog":true,"showMaterialUpdate":false,"showSkybox":true,"showFlares":true,"showImageEffects":true,"showParticleSystems":true},"in2DMode":false,"pivot":{"x":4.250463008880615,"y":1.9204586744308472,"z":5.317338943481445},"rotation":{"x":-0.017997724935412408,"y":-0.011997933499515057,"z":-0.00021582568297162652,"w":0.9997673034667969},"size":10.186835289001465,"orthographic":false}