{"cameraMode":{"drawMode":0,"name":"Shaded","section":"Shading Mode"},"sceneLighting":false,"audioPlay":false,"sceneViewState":{"showFog":true,"showMaterialUpdate":false,"showSkybox":false,"showFlares":true,"showImageEffects":true,"showParticleSystems":true},"in2DMode":false,"pivot":{"x":-3.6800003051757814,"y":1.779998779296875,"z":-0.004057765007019043},"rotation":{"x":0.20028652250766755,"y":0.14720937609672547,"z":-0.030454369261860849,"w":0.9681384563446045},"size":233.3478546142578,"orthographic":false}