{"cameraMode":{"drawMode":0,"name":"Shaded","section":"Shading Mode"},"sceneLighting":false,"audioPlay":false,"sceneViewState":{"showFog":true,"showMaterialUpdate":false,"showSkybox":false,"showFlares":true,"showImageEffects":true,"showParticleSystems":true},"in2DMode":false,"pivot":{"x":-8.642673492431641e-7,"y":0.3369213342666626,"z":9.57399606704712e-7},"rotation":{"x":0.06616168469190598,"y":-0.21529939770698548,"z":0.014620893634855748,"w":0.9741995930671692},"size":1.2436614036560059,"orthographic":false}